{

	"metadata" :
	{
		"formatVersion" : 3.1,
		"generatedBy"   : "Blender 2.7 Exporter",
		"vertices"      : 166,
		"faces"         : 158,
		"normals"       : 67,
		"colors"        : 0,
		"uvs"           : [143],
		"materials"     : 1,
		"morphTargets"  : 0,
		"bones"         : 0
	},

	"scale" : 1.000000,

	"materials" : [	{
		"DbgColor" : 15658734,
		"DbgIndex" : 0,
		"DbgName" : "tex0_0",
		"blending" : "NormalBlending",
		"colorAmbient" : [0.6400000190734865, 0.6400000190734865, 0.6400000190734865],
		"colorDiffuse" : [0.6400000190734865, 0.6400000190734865, 0.6400000190734865],
		"colorEmissive" : [0.0, 0.0, 0.0],
		"colorSpecular" : [0.5, 0.5, 0.5],
		"depthTest" : true,
		"depthWrite" : true,
		"shading" : "Lambert",
		"specularCoef" : 50,
		"transparency" : 1.0,
		"transparent" : false,
		"vertexColors" : false
	}],

	"vertices" : [1.83205,1.83205,41.4547,1.83205,1.83205,-41.4547,0,2.59092,-41.4547,0,2.59091,41.4547,-1.83205,-1.83205,41.4547,-2.59092,-4.94179e-06,41.4547,-2.59092,-2.9033e-06,24.3546,-2.48359,-0.259095,24.3546,-2.48359,-0.259094,17.1001,-2.59092,4.0152e-06,-33.682,-2.48359,-0.259088,-33.682,-2.48359,-0.259087,-38.8638,-2.59092,4.63293e-06,-38.8638,-2.59092,4.94179e-06,-41.4547,-1.83205,-1.83205,-41.4547,-2.59092,-2.03849e-06,17.1001,0,-2.59091,-41.4547,0,-2.59092,41.4547,1.83205,-1.83205,-41.4547,1.83205,-1.83205,41.4547,0,2.59092,-41.4547,1.83205,1.83205,-41.4547,-1.83205,1.83205,-41.4547,2.59092,4.94179e-06,-41.4547,-2.59092,4.94179e-06,-41.4547,1.83205,-1.83205,-41.4547,-1.83205,-1.83205,-41.4547,0,-2.59091,-41.4547,-1.83205,1.83205,-41.4547,-1.83205,1.83205,41.4547,-2.48359,-0.259087,-38.8638,-2.48359,-0.259088,-33.682,-10.3637,-0.259088,-33.682,-10.3637,-0.259087,-38.8638,2.48359,0.259097,-38.8638,10.3637,0.259097,-38.8638,2.59092,4.63293e-06,-38.8638,10.3637,-0.259087,-38.8638,2.48359,-0.259087,-38.8638,10.3637,0.259096,-33.682,10.3637,-0.259088,-33.682,-2.48359,0.259096,-33.682,-10.3637,0.259096,-33.682,-2.59092,4.0152e-06,-33.682,-10.3637,-0.259088,-33.682,-2.48359,-0.259088,-33.682,2.48359,0.259097,-38.8638,2.48359,0.259096,-33.682,-10.3637,-0.259088,-33.682,-10.3637,0.259096,-33.682,-10.3637,0.259097,-38.8638,-10.3637,-0.259087,-38.8638,-10.3637,0.259097,-38.8638,-2.48359,0.259097,-38.8638,-2.59092,4.63293e-06,-38.8638,-2.48359,-0.259087,-38.8638,-10.3637,-0.259087,-38.8638,2.48359,0.259096,-33.682,2.59092,4.0152e-06,-33.682,2.48359,-0.259088,-33.682,-2.48359,0.259096,-33.682,-2.48359,0.259097,-38.8638,2.48359,-0.259088,-33.682,2.48359,-0.259087,-38.8638,2.59092,-4.94179e-06,41.4547,2.59092,-2.9033e-06,24.3546,2.48359,0.259089,24.3546,2.48359,0.25909,17.1001,2.59092,4.0152e-06,-33.682,2.48359,0.259096,-33.682,2.48359,0.259097,-38.8638,2.59092,4.63293e-06,-38.8638,2.59092,4.94179e-06,-41.4547,2.59092,-2.03849e-06,17.1001,-2.48359,0.259089,24.3546,-2.48359,0.25909,17.1001,-2.48359,0.259096,-33.682,-2.48359,0.259097,-38.8638,-2.48359,-0.259094,17.1001,-2.48359,-0.259095,24.3546,-7.77276,-0.259095,24.3546,-7.77276,-0.259094,17.1001,2.48359,0.25909,17.1001,7.77276,0.25909,17.1001,2.59092,-2.03849e-06,17.1001,7.77276,-0.259094,17.1001,2.48359,-0.259094,17.1001,7.77276,0.259089,24.3546,7.77276,-0.259095,24.3546,-2.48359,0.259089,24.3546,-7.77276,0.259089,24.3546,-2.59092,-2.9033e-06,24.3546,-7.77276,-0.259095,24.3546,-2.48359,-0.259095,24.3546,2.48359,0.25909,17.1001,2.48359,0.259089,24.3546,-7.77276,-0.259095,24.3546,-7.77276,0.259089,24.3546,-7.77276,0.25909,17.1001,-7.77276,-0.259094,17.1001,-7.77276,0.25909,17.1001,-2.48359,0.25909,17.1001,-2.59092,-2.03849e-06,17.1001,-2.48359,-0.259094,17.1001,-7.77276,-0.259094,17.1001,2.48359,0.259089,24.3546,2.59092,-2.9033e-06,24.3546,2.48359,-0.259095,24.3546,-2.48359,0.259089,24.3546,-2.48359,0.25909,17.1001,2.48359,-0.259095,24.3546,2.48359,-0.259094,17.1001,0,-7.41268e-06,62.1821,0.991493,-7.2246e-06,60.6043,0.701103,0.701096,60.6043,0,-7.41268e-06,62.1821,0,0.991486,60.6043,0,-7.41268e-06,62.1821,-0.701103,0.701096,60.6043,0,-7.41268e-06,62.1821,-0.991493,-7.2246e-06,60.6043,0,-7.41268e-06,62.1821,-0.701103,-0.70111,60.6043,0,-7.41268e-06,62.1821,0,-0.9915,60.6043,0,-7.41268e-06,62.1821,0.701103,-0.70111,60.6043,0,-7.41268e-06,62.1821,0.991493,-7.2246e-06,60.6043,1.29546,1.29545,56.1112,1.83205,-6.68897e-06,56.1112,0,1.83204,56.1112,-1.29546,1.29545,56.1112,-1.83205,-6.68897e-06,56.1112,-1.29546,-1.29547,56.1112,0,-1.83206,56.1112,1.29546,-1.29547,56.1112,1.83205,-6.68897e-06,56.1112,1.6926,1.69259,49.3867,2.3937,-5.88736e-06,49.3867,0,2.39369,49.3867,-1.6926,1.69259,49.3867,-2.3937,-5.88736e-06,49.3867,-1.6926,-1.6926,49.3867,0,-2.39371,49.3867,1.6926,-1.6926,49.3867,2.3937,-5.88736e-06,49.3867,2.59092,-4.94179e-06,41.4547,1.83205,1.83205,41.4547,0,2.59091,41.4547,-1.83205,1.83205,41.4547,-2.59092,-4.94179e-06,41.4547,-1.83205,-1.83205,41.4547,0,-2.59092,41.4547,1.83205,-1.83205,41.4547,2.59092,-4.94179e-06,41.4547,2.59092,-4.94179e-06,41.4547,2.59092,-2.9033e-06,24.3546,2.48359,-0.259095,24.3546,2.48359,-0.259094,17.1001,2.59092,4.0152e-06,-33.682,2.48359,-0.259088,-33.682,2.48359,-0.259087,-38.8638,2.59092,4.63293e-06,-38.8638,2.59092,4.94179e-06,-41.4547,2.59092,-2.03849e-06,17.1001],

	"morphTargets" : [],

	"normals" : [0.707083,0.707083,0,0,1,0,-0.707083,-0.707083,0,-1,0,0,-0.923856,-0.382672,0,-0.999969,0,0,0,-1,0,0.707083,-0.707083,0,0,0,-1,-0.707083,0.707083,0,0,-0.999969,0,0.577349,0.577349,-0.577349,0.577349,-0.577349,-0.577349,0.577349,0.577349,0.577349,0.577349,-0.577349,0.577349,0,0,1,0,0.999969,0,0.923856,0.382672,0,0.923856,0.382702,0,-0.923856,0.382672,0,0,0,0.999969,0.798975,0.330912,0.502091,0.873379,0.361736,0.32606,0.662435,0.662435,0.349773,0.330912,0.798975,0.502091,0,0.936827,0.349742,-0.330912,0.798975,0.502091,-0.662435,0.662435,0.349773,-0.798975,0.330912,0.502091,-0.936827,0,0.349742,-0.798975,-0.330912,0.502091,-0.662435,-0.662435,0.349773,-0.330912,-0.798975,0.502091,0,-0.936827,0.349742,0.330912,-0.798975,0.502091,0.662435,-0.662435,0.349773,0.798975,-0.330912,0.502091,0.873379,-0.361736,0.32606,0.700888,0.700888,0.132115,0.916929,0.379803,0.122196,0,0.991211,0.132115,-0.700888,0.700888,0.132115,-0.991211,0,0.132115,-0.700888,-0.700888,0.132115,0,-0.991211,0.132115,0.700888,-0.700888,0.132115,0.916929,-0.379803,0.122196,0.706076,0.706076,0.053682,0.922727,0.382214,0.049593,0,0.998535,0.053682,-0.706076,0.706076,0.053682,-0.998535,0,0.053682,-0.706076,-0.706076,0.053682,0,-0.998535,0.053682,0.706076,-0.706076,0.053682,0.922727,-0.382214,0.049593,0.923612,0.38258,0.02295,0.70687,0.70687,0.024842,0,0.999664,0.024842,-0.70687,0.70687,0.024842,-0.999664,0,0.024842,-0.70687,-0.70687,0.024842,0,-0.999664,0.024842,0.70687,-0.70687,0.024842,0.923612,-0.38258,0.02295,0.923856,-0.382672,0,0.923856,-0.382702,0],

	"colors" : [],